64568547,jesus,abc123xsxsx,admin
7424234,fdsfsfdsf,Polobun23#,admin
43429439,Jimanji,Koko87@$,"employee
"
49934838,Vongole Spaghet,Hello89^,admin
54367576,Wispy Trees,Hello44$,employee
609596504,Caring Carousells,Hello44$,employee
94944885,The maker,Hello22$,employee
54353454354,Pancakes,Hello22$,employee
5645777655,Waffles,Hello22$,employee
9340958938,Scrambled eggs,Hello22$,employee
3829489,Chilli Crab,Hello22$,employee
845389548,Black Pepper Crab,Hello22$,employee
5435443543,Prawn Linguine,Hello22$,employee
1445534,Bobbie,aaa,employee
